{"rows": [
    {"key.name": "None", "data": "{\"defaultFeedback\": \"\", \"description\": \"Policy\", \"multiple_selections\": false, \"question\": \"Who is the audience? (You can select more than one option)\", \"choices\": [{\"text\": \"General public in poor countries\", \"score\": 1.0, \"feedback\": \"\"}, {\"text\": \"General public in rich countries\", \"score\": 0.0, \"feedback\": \"\"}, {\"text\": \"Refugees\", \"score\": 0.0, \"feedback\": \"\"}, {\"text\": \"Policy makers\", \"score\": 0.0, \"feedback\": \"\"}], \"version\": \"1.5\", \"last_modified\": 1507194774.1437199, \"type\": 0, \"all_or_nothing_grading\": false, \"permute_choices\": true, \"show_answer_when_incorrect\": false}", "key.id": 4664229256757248, "key": "ahNnfmNmYWZyaWNhLW1vb2MtZGV2chsLEg5RdWVzdGlvbkVudGl0eRiAgICA-MKkCAyiARRuc19kaWdpdGFsLXNvbHV0aW9ucw"},
    {"key.name": "None", "data": "{\"defaultFeedback\": \"\", \"description\": \"Lebanon\", \"multiple_selections\": true, \"question\": \"What information are they supposed to return?\\u003Cbr\\u003E\", \"choices\": [{\"text\": \"That Lebanon has the most refugees\", \"score\": 1.0, \"feedback\": \"\"}, {\"text\": \"The best country to seek refugee in\", \"score\": -1.0, \"feedback\": \"\"}, {\"text\": \"That the majorities of refugee are not in rich countries despite common assumptions\", \"score\": -1.0, \"feedback\": \"\"}, {\"text\": \"Lebanon cannot afford to house its refugees\", \"score\": -1.0, \"feedback\": \"\"}], \"version\": \"1.5\", \"last_modified\": 1507194632.3737099, \"type\": 0, \"all_or_nothing_grading\": false, \"permute_choices\": true, \"show_answer_when_incorrect\": false}", "key.id": 5873306037125120, "key": "ahNnfmNmYWZyaWNhLW1vb2MtZGV2chsLEg5RdWVzdGlvbkVudGl0eRiAgICA2re3CgyiARRuc19kaWdpdGFsLXNvbHV0aW9ucw"}
]}
