{"units": [{"weight": 1, "show_contents_on_one_page": false, "labels": "", "unit_header": "", "href": null, "post_assessment": null, "workflow_yaml": "grader: auto\n", "availability": "course", "description": "", "title": "Unit 1", "unit_id": 1, "type": "U", "custom_unit_type": null, "manual_progress": false, "pre_assessment": null, "properties": {}, "unit_footer": "", "html_check_answers": false, "html_content": null, "release_date": "", "html_review_form": null, "shown_when_unavailable": false}, {"weight": 1, "show_contents_on_one_page": false, "labels": null, "unit_header": null, "href": null, "post_assessment": null, "workflow_yaml": "grader: auto\n", "availability": "private", "description": null, "title": "New Unit", "unit_id": 4, "type": "U", "custom_unit_type": null, "manual_progress": false, "pre_assessment": null, "properties": {}, "unit_footer": null, "html_check_answers": false, "html_content": null, "release_date": "", "html_review_form": null, "shown_when_unavailable": false}, {"weight": 1, "show_contents_on_one_page": false, "labels": "", "unit_header": "Unit 2", "href": null, "post_assessment": null, "workflow_yaml": "grader: auto\n", "availability": "private", "description": "", "title": "Unit 2 - Unit 2", "unit_id": 5, "type": "U", "custom_unit_type": null, "manual_progress": false, "pre_assessment": null, "properties": {}, "unit_footer": "Unit 2", "html_check_answers": false, "html_content": null, "release_date": "", "html_review_form": null, "shown_when_unavailable": false}], "lessons": [{"scored": false, "title": "Lesson 1", "has_activity": false, "objectives": "", "manual_progress": false, "unit_id": "1", "activity_title": "", "availability": "course", "video": "", "lesson_id": 2, "auto_index": true, "duration": "", "shown_when_unavailable": false, "notes": "", "properties": {"modules.skill_map.skill_list": []}, "activity_listed": true}, {"scored": false, "title": "Lesson 2", "has_activity": false, "objectives": "", "manual_progress": false, "unit_id": "1", "activity_title": "", "availability": "course", "video": "", "lesson_id": 3, "auto_index": true, "duration": "", "shown_when_unavailable": false, "notes": "", "properties": {"modules.skill_map.skill_list": []}, "activity_listed": true}, {"scored": false, "title": "New Lesson", "has_activity": false, "objectives": "", "manual_progress": false, "unit_id": 1, "activity_title": "", "availability": "course", "video": "", "lesson_id": 6, "auto_index": true, "duration": "", "shown_when_unavailable": false, "notes": "", "properties": {}, "activity_listed": true}], "next_id": 7, "version": "1.3"}